accession,label,source
GCF_000046845.1,1.0,iProbiotics
GCF_000020225.1,1.0,iProbiotics
GCF_000019045.1,1.0,iProbiotics
GCF_000025965.1,1.0,iProbiotics
GCF_000010525.1,1.0,iProbiotics
GCF_000010725.1,1.0,iProbiotics
GCF_000817975.1,1.0,iProbiotics
GCF_000196735.1,1.0,iProbiotics
GCF_000009825.1,1.0,iProbiotics
GCF_001039495.1,1.0,iProbiotics
GCF_004114715.1,1.0,iProbiotics
GCF_000876545.1,1.0,iProbiotics
GCF_002946455.1,1.0,iProbiotics
GCF_002786555.1,1.0,iProbiotics
GCF_000832905.1,1.0,iProbiotics
GCF_001703495.1,1.0,iProbiotics
GCF_001697265.1,1.0,iProbiotics
GCF_000827065.1,1.0,iProbiotics
GCF_002202035.1,1.0,iProbiotics
GCF_002201995.1,1.0,iProbiotics
GCF_001541905.1,1.0,iProbiotics
GCF_001465815.1,1.0,iProbiotics
GCF_002173715.1,1.0,iProbiotics
GCF_002201955.1,1.0,iProbiotics
GCF_002173695.1,1.0,iProbiotics
GCF_001660525.1,1.0,iProbiotics
GCF_001750745.1,1.0,iProbiotics
GCF_000344745.1,1.0,iProbiotics
GCF_000186085.1,1.0,iProbiotics
GCF_000009045.1,1.0,iProbiotics
GCF_000699525.1,1.0,iProbiotics
GCF_000349795.1,1.0,iProbiotics
GCF_000321395.1,1.0,iProbiotics
GCF_000155355.1,1.0,iProbiotics
GCF_000699465.1,1.0,iProbiotics
GCF_000706705.1,1.0,iProbiotics
GCF_000227485.1,1.0,iProbiotics
GCF_000155375.1,1.0,iProbiotics
GCF_000025985.1,1.0,iProbiotics
GCF_000196175.1,1.0,iProbiotics
GCF_003856735.1,1.0,iProbiotics
GCF_000818055.1,1.0,iProbiotics
GCF_000021425.1,1.0,iProbiotics
GCF_000471945.1,1.0,iProbiotics
GCF_000277325.1,1.0,iProbiotics
GCF_000025245.1,1.0,iProbiotics
GCF_000277345.1,1.0,iProbiotics
GCF_000022705.1,1.0,iProbiotics
GCF_000414215.1,1.0,iProbiotics
GCF_000224965.2,1.0,iProbiotics
GCF_000220885.1,1.0,iProbiotics
GCF_000022965.1,1.0,iProbiotics
GCF_000816205.1,1.0,iProbiotics
GCF_000092765.1,1.0,iProbiotics
GCF_000265095.1,1.0,iProbiotics
GCF_000165905.1,1.0,iProbiotics
GCF_004319685.1,1.0,iProbiotics
GCF_000220135.1,1.0,iProbiotics
GCF_001281305.1,1.0,iProbiotics
GCF_001051015.2,1.0,iProbiotics
GCF_000196575.1,1.0,iProbiotics
GCF_000020425.1,1.0,iProbiotics
GCF_000269965.1,1.0,iProbiotics
GCF_001446275.1,1.0,iProbiotics
GCF_001725985.1,1.0,iProbiotics
GCF_001446255.1,1.0,iProbiotics
GCF_000166315.1,1.0,iProbiotics
GCF_000210755.1,1.0,iProbiotics
GCF_000772485.1,1.0,iProbiotics
GCF_000196555.1,1.0,iProbiotics
GCF_000092325.1,1.0,iProbiotics
GCF_000219455.1,1.0,iProbiotics
GCF_000011365.1,1.0,iProbiotics
GCF_000195575.1,1.0,iProbiotics
GCF_001646605.1,1.0,iProbiotics
GCF_000016325.1,1.0,iProbiotics
GCF_000026185.1,1.0,iProbiotics
GCF_000005845.2,1.0,iProbiotics
GCF_000013345.1,1.0,iProbiotics
GCF_000021325.1,1.0,iProbiotics
GCF_000418515.1,1.0,iProbiotics
GCF_000026485.1,1.0,iProbiotics
GCF_001244395.1,1.0,iProbiotics
GCF_000318035.1,1.0,iProbiotics
GCF_000194765.1,1.0,iProbiotics
GCF_002079285.1,1.0,iProbiotics
GCF_002865565.1,1.0,iProbiotics
GCF_000194785.1,1.0,iProbiotics
GCF_002902825.1,1.0,iProbiotics
GCF_002257625.1,1.0,iProbiotics
GCF_001514415.1,1.0,iProbiotics
GCF_000019245.4,1.0,iProbiotics
GCF_001191565.1,1.0,iProbiotics
GCF_002442835.1,1.0,iProbiotics
GCF_000388095.2,1.0,iProbiotics
GCF_002906875.1,1.0,iProbiotics
GCF_001272315.2,1.0,iProbiotics
GCF_001908455.1,1.0,iProbiotics
GCF_000934625.1,1.0,iProbiotics
GCF_002224305.1,1.0,iProbiotics
GCF_002286215.1,1.0,iProbiotics
GCF_000389675.2,1.0,iProbiotics
GCF_000011985.1,1.0,iProbiotics
GCF_002075105.1,1.0,iProbiotics
GCF_000359625.1,1.0,iProbiotics
GCF_000309565.2,1.0,iProbiotics
GCF_000400585.1,1.0,iProbiotics
GCF_001723545.1,1.0,iProbiotics
GCF_001469775.1,1.0,iProbiotics
GCF_001953135.1,1.0,iProbiotics
GCF_002000885.1,1.0,iProbiotics
GCF_000191165.1,1.0,iProbiotics
GCF_000056065.1,1.0,iProbiotics
GCF_000014405.1,1.0,iProbiotics
GCF_000182835.1,1.0,iProbiotics
GCF_000466785.3,1.0,iProbiotics
GCF_000210515.1,1.0,iProbiotics
GCF_000397165.1,1.0,iProbiotics
GCF_000010145.1,1.0,iProbiotics
GCF_000014425.1,1.0,iProbiotics
GCF_002287905.1,1.0,iProbiotics
GCF_002849935.1,1.0,iProbiotics
GCF_002849955.1,1.0,iProbiotics
GCF_001308285.1,1.0,iProbiotics
GCF_000961015.1,1.0,iProbiotics
GCF_001006025.1,1.0,iProbiotics
GCF_001702095.1,1.0,iProbiotics
GCF_001746265.1,1.0,iProbiotics
GCF_002849915.1,1.0,iProbiotics
GCF_000422165.1,1.0,iProbiotics
GCF_000015385.1,1.0,iProbiotics
GCF_000189515.1,1.0,iProbiotics
GCF_000525715.1,1.0,iProbiotics
GCF_000165775.1,1.0,iProbiotics
GCF_000008065.1,1.0,iProbiotics
GCF_000214785.1,1.0,iProbiotics
GCF_000248095.2,1.0,iProbiotics
GCF_000014525.1,1.0,iProbiotics
GCF_000582665.1,1.0,iProbiotics
GCF_002813615.1,1.0,iProbiotics
GCF_000155515.2,1.0,iProbiotics
GCF_000829035.1,1.0,iProbiotics
GCF_000392485.3,1.0,iProbiotics
GCF_000148815.2,1.0,iProbiotics
GCF_000410995.1,1.0,iProbiotics
GCF_000026505.1,1.0,iProbiotics
GCF_002105575.1,1.0,iProbiotics
GCF_000143435.1,1.0,iProbiotics
GCF_000008925.1,1.0,iProbiotics
GCF_002078935.1,1.0,iProbiotics
GCF_002078895.1,1.0,iProbiotics
GCF_002078955.1,1.0,iProbiotics
GCF_002078375.2,1.0,iProbiotics
GCF_002078765.2,1.0,iProbiotics
GCF_000236475.1,1.0,iProbiotics
GCF_001856165.1,1.0,iProbiotics
GCF_000468955.1,1.0,iProbiotics
GCF_000009425.1,1.0,iProbiotics
GCF_000143205.1,1.0,iProbiotics
GCF_000014545.1,1.0,iProbiotics
GCF_000312685.1,1.0,iProbiotics
GCF_900088425.1,1.0,iProbiotics
GCF_002078975.2,1.0,iProbiotics
GCF_002078435.1,1.0,iProbiotics
GCF_000807375.1,1.0,iProbiotics
GCF_002078415.1,1.0,iProbiotics
GCF_002804185.1,1.0,iProbiotics
GCF_002078855.1,1.0,iProbiotics
GCF_002804285.1,1.0,iProbiotics
GCF_002078495.1,1.0,iProbiotics
GCF_002078475.2,1.0,iProbiotics
GCF_002078995.2,1.0,iProbiotics
GCF_002895225.1,1.0,iProbiotics
GCF_002148215.1,1.0,iProbiotics
GCF_000192705.1,1.0,iProbiotics
GCF_000006865.1,1.0,iProbiotics
GCF_000344575.1,1.0,iProbiotics
GCF_000025045.1,1.0,iProbiotics
GCF_000479375.1,1.0,iProbiotics
GCF_000478255.1,1.0,iProbiotics
GCF_002078615.1,1.0,iProbiotics
GCF_000014445.1,1.0,iProbiotics
GCF_001742205.1,1.0,iProbiotics
GCF_002119645.1,1.0,iProbiotics
GCF_001941785.1,1.0,iProbiotics
GCF_900205745.1,1.0,iProbiotics
GCF_002192435.1,1.0,iProbiotics
GCF_002356135.1,1.0,iProbiotics
GCF_000017965.1,1.0,iProbiotics
GCF_000283495.2,1.0,iProbiotics
GCF_000023205.1,1.0,iProbiotics
GCF_000145235.1,1.0,iProbiotics
GCF_000014385.1,1.0,iProbiotics
GCF_000019965.1,1.0,iProbiotics
GCF_000023585.1,1.0,iProbiotics
GCF_000175935.2,1.0,iProbiotics
GCF_004355265.1,1.0,iProbiotics
GCF_000014505.1,1.0,iProbiotics
GCF_000496265.1,1.0,iProbiotics
GCF_000154765.2,1.0,iProbiotics
GCF_000091725.1,1.0,iProbiotics
GCF_000006765.1,1.0,iProbiotics
GCF_000262325.2,1.0,iProbiotics
GCF_000187705.1,1.0,iProbiotics
GCF_000012905.2,1.0,iProbiotics
GCF_000195775.1,1.0,iProbiotics
GCF_000018085.1,1.0,iProbiotics
GCF_000006965.1,1.0,iProbiotics
GCF_001705585.1,1.0,iProbiotics
GCF_001280285.1,1.0,iProbiotics
GCF_001855705.1,1.0,iProbiotics
GCF_002286255.1,1.0,iProbiotics
GCF_000971665.1,1.0,iProbiotics
GCF_002846075.1,1.0,iProbiotics
GCF_001663795.1,1.0,iProbiotics
GCF_002843115.1,1.0,iProbiotics
GCF_001008015.1,1.0,iProbiotics
GCF_002012365.1,1.0,iProbiotics
GCF_002443035.1,1.0,iProbiotics
GCF_002846155.1,1.0,iProbiotics
GCF_001685375.1,1.0,iProbiotics
GCF_001514435.1,1.0,iProbiotics
GCF_900094135.1,1.0,iProbiotics
GCF_000836595.1,1.0,iProbiotics
GCF_000698885.1,1.0,iProbiotics
GCF_000011845.1,1.0,iProbiotics
GCF_000253395.1,1.0,iProbiotics
GCF_000014485.1,1.0,iProbiotics
GCF_000011825.1,1.0,iProbiotics
GCF_000262675.1,1.0,iProbiotics
GCF_000521325.1,1.0,iProbiotics
GCF_000182875.1,1.0,iProbiotics
GCF_000521285.1,1.0,iProbiotics
GCF_000521305.1,1.0,iProbiotics
GCF_000572095.1,1.0,iProbiotics
GCF_000572065.1,1.0,iProbiotics
GCF_000836675.1,1.0,iProbiotics
GCF_000283615.1,1.0,iProbiotics
GCF_000219805.1,1.0,iProbiotics
NC_003098.1,0.0,iProbiotics
NC_003366.1,0.0,iProbiotics
NC_004461.1,0.0,iProbiotics
NC_004557.1,0.0,iProbiotics
NC_004663.1,0.0,iProbiotics
NC_002928.3,0.0,iProbiotics
NC_005139.1,0.0,iProbiotics
NC_006347.1,0.0,iProbiotics
NC_008261.1,0.0,iProbiotics
NC_009495.1,0.0,iProbiotics
NC_009614.1,0.0,iProbiotics
NC_009615.1,0.0,iProbiotics
NC_009697.1,0.0,iProbiotics
NC_009698.1,0.0,iProbiotics
NC_009699.1,0.0,iProbiotics
NC_009850.1,0.0,iProbiotics
NC_010380.1,0.0,iProbiotics
NC_010582.1,0.0,iProbiotics
NC_010645.1,0.0,iProbiotics
NC_011072.1,0.0,iProbiotics
NC_011900.1,0.0,iProbiotics
NC_012466.1,0.0,iProbiotics
NC_012467.1,0.0,iProbiotics
NC_012469.1,0.0,iProbiotics
NC_012563.1,0.0,iProbiotics
NC_013520.1,0.0,iProbiotics
NC_013721.1,0.0,iProbiotics
NC_014121.1,0.0,iProbiotics
NC_014218.1,0.0,iProbiotics
NC_014251.1,0.0,iProbiotics
NC_014370.1,0.0,iProbiotics
NC_014494.1,0.0,iProbiotics
NC_014498.1,0.0,iProbiotics
NC_014644.1,0.0,iProbiotics
NC_014965.1,0.0,iProbiotics
NC_015160.1,0.0,iProbiotics
NC_004459.3,0.0,iProbiotics
NC_015278.1,0.0,iProbiotics
NC_015311.1,0.0,iProbiotics
NC_015381.1,0.0,iProbiotics
NC_015760.1,0.0,iProbiotics
NC_015975.1,0.0,iProbiotics
NC_016077.1,0.0,iProbiotics
NC_016776.1,0.0,iProbiotics
NC_017297.1,0.0,iProbiotics
NC_017456.1,0.0,iProbiotics
NC_017591.1,0.0,iProbiotics
NC_017592.1,0.0,iProbiotics
NC_017593.1,0.0,iProbiotics
NC_017595.1,0.0,iProbiotics
NC_017299.1,0.0,iProbiotics
NC_017960.1,0.0,iProbiotics
NC_018011.1,0.0,iProbiotics
NC_018513.1,0.0,iProbiotics
NC_018594.1,0.0,iProbiotics
NC_018828.1,0.0,iProbiotics
NC_018630.1,0.0,iProbiotics
NZ_CM001477.1,0.0,iProbiotics
NZ_CM001835.1,0.0,iProbiotics
NC_021003.1,0.0,iProbiotics
NC_021004.1,0.0,iProbiotics
NC_021030.1,0.0,iProbiotics
NC_021005.1,0.0,iProbiotics
NC_021006.1,0.0,iProbiotics
NC_021026.1,0.0,iProbiotics
NC_021028.1,0.0,iProbiotics
NZ_CM001799.1,0.0,iProbiotics
NC_021281.1,0.0,iProbiotics
NC_021878.1,0.0,iProbiotics
NC_022132.1,0.0,iProbiotics
NC_022347.1,0.0,iProbiotics
NC_022655.1,0.0,iProbiotics
NC_022777.1,0.0,iProbiotics
NZ_CM002368.1,0.0,iProbiotics
NZ_CP007756.1,0.0,iProbiotics
NZ_CP006903.1,0.0,iProbiotics
NZ_CP006902.1,0.0,iProbiotics
NZ_CP009261.1,0.0,iProbiotics
NZ_CP007179.1,0.0,iProbiotics
NZ_CP007183.1,0.0,iProbiotics
NZ_CP009913.1,0.0,iProbiotics
NZ_CP010521.1,0.0,iProbiotics
NZ_CP010520.1,0.0,iProbiotics
NZ_CP008834.1,0.0,iProbiotics
NZ_CP009128.1,0.0,iProbiotics
NZ_CP007062.1,0.0,iProbiotics
NZ_CP009043.1,0.0,iProbiotics
NZ_CP009257.1,0.0,iProbiotics
NZ_CP008788.1,0.0,iProbiotics
NZ_CP007181.1,0.0,iProbiotics
NZ_CP007787.1,0.0,iProbiotics
NZ_AP014696.1,0.0,iProbiotics
NZ_CP009157.1,0.0,iProbiotics
NZ_CP009323.1,0.0,iProbiotics
NZ_CP011073.1,0.0,iProbiotics
NZ_CP011301.1,0.0,iProbiotics
NZ_CP011636.1,0.0,iProbiotics
NZ_AP012330.1,0.0,iProbiotics
NZ_AP012332.1,0.0,iProbiotics
NZ_CP011995.1,0.0,iProbiotics
NZ_LN847353.1,0.0,iProbiotics
NC_017769.2,0.0,iProbiotics
NZ_LN877293.1,0.0,iProbiotics
CP013020.1,0.0,iProbiotics
NZ_CP012981.1,0.0,iProbiotics
NZ_CP013119.1,0.0,iProbiotics
NZ_CP010995.1,0.0,iProbiotics
NZ_CP013730.1,0.0,iProbiotics
NZ_CP013965.1,0.0,iProbiotics
NZ_CP013988.1,0.0,iProbiotics
NZ_CP012938.1,0.0,iProbiotics
NZ_CP013216.1,0.0,iProbiotics
NZ_CP009984.1,0.0,iProbiotics
NZ_CP012041.1,0.0,iProbiotics
NZ_CP012801.1,0.0,iProbiotics
NZ_CP013178.1,0.0,iProbiotics
NZ_CP009557.1,0.0,iProbiotics
NZ_CP012713.1,0.0,iProbiotics
NZ_CP014162.1,0.0,iProbiotics
NZ_CP014144.1,0.0,iProbiotics
NZ_CP014161.1,0.0,iProbiotics
NZ_CP014164.1,0.0,iProbiotics
NZ_CP010993.1,0.0,iProbiotics
NZ_CP014528.1,0.0,iProbiotics
NZ_CP010994.1,0.0,iProbiotics
NZ_CP012937.1,0.0,iProbiotics
NZ_CP011531.1,0.0,iProbiotics
NZ_CP015577.1,0.0,iProbiotics
NZ_CP011775.1,0.0,iProbiotics
NZ_CP012739.1,0.0,iProbiotics
NZ_CP016177.1,0.0,iProbiotics
NZ_CP012706.1,0.0,iProbiotics
NZ_CP016392.1,0.0,iProbiotics
NZ_CP016307.1,0.0,iProbiotics
NZ_CP016414.1,0.0,iProbiotics
NZ_CP016636.1,0.0,iProbiotics
NZ_CP016638.1,0.0,iProbiotics
NZ_CP016172.1,0.0,iProbiotics
NZ_CP014160.1,0.0,iProbiotics
NZ_CP014163.1,0.0,iProbiotics
NZ_CP017025.1,0.0,iProbiotics
NZ_CP013375.1,0.0,iProbiotics
NZ_LT622246.1,0.0,iProbiotics
NZ_CP017404.1,0.0,iProbiotics
NZ_CP017405.1,0.0,iProbiotics
NZ_CP013101.1,0.0,iProbiotics
NZ_CP017873.1,0.0,iProbiotics
NZ_CP017875.1,0.0,iProbiotics
NZ_CP013246.1,0.0,iProbiotics
NZ_CP014148.1,0.0,iProbiotics
NZ_CP018054.1,0.0,iProbiotics
NZ_CP013247.1,0.0,iProbiotics
NZ_CP013243.1,0.0,iProbiotics
NZ_CP013296.1,0.0,iProbiotics
NZ_CP018254.1,0.0,iProbiotics
NZ_CP018347.1,0.0,iProbiotics
NZ_CP013705.1,0.0,iProbiotics
NZ_CP013686.1,0.0,iProbiotics
NZ_CP013683.1,0.0,iProbiotics
NZ_CP013681.1,0.0,iProbiotics
NZ_CP018871.1,0.0,iProbiotics
NZ_CP013857.1,0.0,iProbiotics
NZ_CP016896.1,0.0,iProbiotics
NZ_CP017052.1,0.0,iProbiotics
NZ_CP017048.1,0.0,iProbiotics
NZ_CP017050.1,0.0,iProbiotics
NZ_CP012098.1,0.0,iProbiotics
NZ_CP019576.1,0.0,iProbiotics
NZ_CP019468.1,0.0,iProbiotics
NZ_LN831034.1,0.0,iProbiotics
NZ_CP020358.1,0.0,iProbiotics
NZ_CP014176.1,0.0,iProbiotics
NZ_CP016633.2,0.0,iProbiotics
NZ_LT629773.1,0.0,iProbiotics
NZ_CP020478.1,0.0,iProbiotics
NZ_CP015406.2,0.0,iProbiotics
NZ_CP015283.1,0.0,iProbiotics
NZ_CP015282.1,0.0,iProbiotics
NZ_CP020705.1,0.0,iProbiotics
NZ_CP019143.1,0.0,iProbiotics
NZ_CP021079.1,0.0,iProbiotics
NZ_CP020837.1,0.0,iProbiotics
NZ_CP021960.1,0.0,iProbiotics
NZ_CP021422.1,0.0,iProbiotics
NZ_CP016321.1,0.0,iProbiotics
NZ_CP021883.1,0.0,iProbiotics
CP022124.1,0.0,iProbiotics
NZ_CP022122.1,0.0,iProbiotics
NZ_CP014636.1,0.0,iProbiotics
NZ_CP012882.1,0.0,iProbiotics
NZ_CP021641.1,0.0,iProbiotics
NZ_LT906455.1,0.0,iProbiotics
CP017106.1,0.0,iProbiotics
NZ_CP022412.2,0.0,iProbiotics
NZ_CP013242.1,0.0,iProbiotics
NZ_CP023410.1,0.0,iProbiotics
NZ_AP017971.1,0.0,iProbiotics
NZ_AP018043.1,0.0,iProbiotics
NZ_CP013707.1,0.0,iProbiotics
NZ_CP019058.1,0.0,iProbiotics
NZ_AP018044.1,0.0,iProbiotics
NZ_AP017630.1,0.0,iProbiotics
NZ_CP023667.1,0.0,iProbiotics
NZ_CP022479.1,0.0,iProbiotics
NZ_CP017994.1,0.0,iProbiotics
NZ_CP024599.1,0.0,iProbiotics
NZ_CP024632.1,0.0,iProbiotics
NZ_CP018838.1,0.0,iProbiotics
NZ_CP013849.1,0.0,iProbiotics
NZ_CP013845.1,0.0,iProbiotics
NZ_CP014174.1,0.0,iProbiotics
NZ_CP013843.1,0.0,iProbiotics
NZ_CP013847.1,0.0,iProbiotics
NZ_CP013850.1,0.0,iProbiotics
NZ_CP014219.1,0.0,iProbiotics
NZ_CP013701.1,0.0,iProbiotics
NZ_CP013841.1,0.0,iProbiotics
NZ_CP014151.1,0.0,iProbiotics
NZ_CP018894.1,0.0,iProbiotics
NZ_CP018893.1,0.0,iProbiotics
NZ_CP018937.1,0.0,iProbiotics
NZ_CP018892.1,0.0,iProbiotics
NZ_CP019042.1,0.0,iProbiotics
NZ_CP019320.1,0.0,iProbiotics
NZ_CP019121.1,0.0,iProbiotics
NZ_CP025931.1,0.0,iProbiotics
NZ_CP022361.1,0.0,iProbiotics
NZ_CP025932.1,0.0,iProbiotics
NZ_CP026177.1,0.0,iProbiotics
NZ_CP026269.1,0.0,iProbiotics
NZ_CP014048.2,0.0,iProbiotics
NZ_CP014034.2,0.0,iProbiotics
NZ_CP014013.1,0.0,iProbiotics
NZ_CP014033.1,0.0,iProbiotics
NZ_CP017253.2,0.0,iProbiotics
NZ_CP020451.2,0.0,iProbiotics
NZ_CP027365.1,0.0,iProbiotics
NZ_CP027540.1,0.0,iProbiotics
NZ_CP027611.1,0.0,iProbiotics
CP027781.1,0.0,iProbiotics
NZ_CP027780.1,0.0,iProbiotics
NZ_CP020438.1,0.0,iProbiotics
NZ_CP017635.1,0.0,iProbiotics
NZ_CP028436.1,0.0,iProbiotics
NZ_CP022040.2,0.0,iProbiotics
NZ_CP028859.1,0.0,iProbiotics
NZ_CP028842.1,0.0,iProbiotics
NC_008533.2,0.0,iProbiotics
NZ_CP020650.1,0.0,iProbiotics
NZ_CP020818.1,0.0,iProbiotics
NZ_CP020645.1,0.0,iProbiotics
NZ_CP025501.1,0.0,iProbiotics
NZ_CP030031.1,0.0,iProbiotics
NZ_LS483390.1,0.0,iProbiotics
NZ_LS483366.1,0.0,iProbiotics
NZ_LS483417.1,0.0,iProbiotics
NZ_LS483461.1,0.0,iProbiotics
NZ_LS483374.1,0.0,iProbiotics
NZ_LS483427.1,0.0,iProbiotics
NZ_LS483441.1,0.0,iProbiotics
NZ_LS483440.1,0.0,iProbiotics
NZ_LS483393.1,0.0,iProbiotics
NZ_CP029984.1,0.0,iProbiotics
NZ_CP025705.1,0.0,iProbiotics
NZ_CP031011.1,0.0,iProbiotics
NZ_CP031097.1,0.0,iProbiotics
NZ_CP031055.1,0.0,iProbiotics
NZ_CP031098.1,0.0,iProbiotics
NZ_CP028149.1,0.0,iProbiotics
NZ_CP031246.1,0.0,iProbiotics
NZ_CP031247.1,0.0,iProbiotics
NZ_CP031245.1,0.0,iProbiotics
NZ_CP031611.1,0.0,iProbiotics
NZ_CP016989.1,0.0,iProbiotics
NZ_CP032056.1,0.0,iProbiotics
NZ_CP032099.1,0.0,iProbiotics
NZ_CP016990.1,0.0,iProbiotics
NZ_CP007746.1,0.0,iProbiotics
NZ_CP025706.1,0.0,iProbiotics
NZ_AP018391.1,0.0,iProbiotics
NZ_AP018049.1,0.0,iProbiotics
NZ_CP023775.1,0.0,iProbiotics
NZ_CP032825.1,0.0,iProbiotics
NZ_CP032823.1,0.0,iProbiotics
NZ_CP033430.1,0.0,iProbiotics
NZ_CP032521.1,0.0,iProbiotics
NZ_CP033869.1,0.0,iProbiotics
NZ_CP033838.1,0.0,iProbiotics
NZ_CP033836.1,0.0,iProbiotics
NZ_AP019195.1,0.0,iProbiotics
NZ_CP034309.1,0.0,iProbiotics
NZ_CP022298.1,0.0,iProbiotics
NZ_LR134203.1,0.0,iProbiotics
NZ_LR134274.1,0.0,iProbiotics
NZ_LR134477.1,0.0,iProbiotics
NZ_LR134282.1,0.0,iProbiotics
NZ_LR134480.1,0.0,iProbiotics
NZ_LR134292.1,0.0,iProbiotics
NZ_LR134333.1,0.0,iProbiotics
NZ_LR134294.1,0.0,iProbiotics
NZ_AP018938.1,0.0,iProbiotics
NZ_LR134385.1,0.0,iProbiotics
NZ_LR134357.1,0.0,iProbiotics
NZ_CP019299.1,0.0,iProbiotics
NZ_CP025521.1,0.0,iProbiotics
NZ_CP024175.1,0.0,iProbiotics
NZ_CP025522.1,0.0,iProbiotics
NZ_LR129844.1,0.0,iProbiotics
NZ_LR129843.1,0.0,iProbiotics
NZ_CP025527.1,0.0,iProbiotics
NZ_CP025530.1,0.0,iProbiotics
NZ_CP028841.1,0.0,iProbiotics
NZ_CP026549.1,0.0,iProbiotics
NZ_CP035785.1,0.0,iProbiotics
NZ_CP035787.1,0.0,iProbiotics
NZ_CP035897.1,0.0,iProbiotics
NZ_AP019193.1,0.0,iProbiotics
NZ_CP027030.1,0.0,iProbiotics
NZ_CP036294.1,0.0,iProbiotics
NZ_CP037424.1,0.0,iProbiotics
NZ_CP037747.1,0.0,iProbiotics
NZ_CP037931.1,0.0,iProbiotics
NZ_CP019933.1,0.0,iProbiotics
NZ_CP026997.1,0.0,iProbiotics
NZ_CP038465.1,0.0,iProbiotics
NZ_CP038463.1,0.0,iProbiotics
NZ_CP031747.1,0.0,iProbiotics
NZ_CP036553.1,0.0,iProbiotics
NZ_CP036539.1,0.0,iProbiotics
NZ_CP037440.1,0.0,iProbiotics
NZ_CP036546.1,0.0,iProbiotics
NZ_CP036542.1,0.0,iProbiotics
NZ_CP036550.1,0.0,iProbiotics
NZ_CP038022.1,0.0,iProbiotics
NZ_CP036555.1,0.0,iProbiotics
NZ_CP040507.1,0.0,iProbiotics
NZ_CP034038.1,0.0,iProbiotics
NZ_CP034553.1,0.0,iProbiotics
NZ_CP021072.1,0.0,iProbiotics
NZ_CP040993.1,0.0,iProbiotics
NZ_AP017894.1,0.0,iProbiotics
NZ_CP041230.1,0.0,iProbiotics
LR607374.1,0.0,iProbiotics
NZ_AP019724.1,0.0,iProbiotics
NZ_CP041224.1,0.0,iProbiotics
NZ_AP019740.1,0.0,iProbiotics
NZ_CP039832.1,0.0,iProbiotics
NZ_CP041395.1,0.0,iProbiotics
NZ_CP041386.1,0.0,iProbiotics
NZ_CP040997.1,0.0,iProbiotics
NZ_LR698985.1,0.0,iProbiotics
NZ_LR698955.1,0.0,iProbiotics
NZ_CP028800.2,0.0,iProbiotics
NZ_CP043307.1,0.0,iProbiotics
NZ_CP038808.1,0.0,iProbiotics
NZ_CP043610.1,0.0,iProbiotics
NZ_CP040804.1,0.0,iProbiotics
NZ_CP044068.1,0.0,iProbiotics
NZ_CP044164.1,0.0,iProbiotics
NZ_CP044175.1,0.0,iProbiotics
NZ_CP043529.1,0.0,iProbiotics
NZ_CP025304.1,0.0,iProbiotics
NZ_CP031012.1,0.0,iProbiotics
NZ_CP045235.1,0.0,iProbiotics
NZ_CP043176.1,0.0,iProbiotics
NZ_CP043154.1,0.0,iProbiotics
NZ_CP043167.1,0.0,iProbiotics
NZ_LR607381.1,0.0,iProbiotics
NZ_CP045931.1,0.0,iProbiotics
NZ_CP035731.1,0.0,iProbiotics
NZ_CP035779.1,0.0,iProbiotics
NZ_CP035784.1,0.0,iProbiotics
NC_022660.2,0.0,iProbiotics
NZ_CP046314.1,0.0,iProbiotics
NZ_CP046397.1,0.0,iProbiotics
NZ_CP018189.1,0.0,iProbiotics
NZ_CP018186.1,0.0,iProbiotics
NZ_CP046450.1,0.0,iProbiotics
NZ_CP018187.1,0.0,iProbiotics
NZ_CP046654.1,0.0,iProbiotics
NZ_CP046629.1,0.0,iProbiotics
NZ_CP046628.1,0.0,iProbiotics
NZ_CP046832.1,0.0,iProbiotics
NZ_CP046835.1,0.0,iProbiotics
NZ_CP046857.1,0.0,iProbiotics
NZ_CP046756.1,0.0,iProbiotics
NZ_CP046789.1,0.0,iProbiotics
NZ_CP046800.1,0.0,iProbiotics
NZ_CP046855.1,0.0,iProbiotics
NZ_CP046766.1,0.0,iProbiotics
NZ_CP046767.1,0.0,iProbiotics
NZ_CP046954.1,0.0,iProbiotics
NZ_CP027777.1,0.0,iProbiotics
NZ_CP027778.1,0.0,iProbiotics
NZ_CP027779.1,0.0,iProbiotics
NZ_CP027782.1,0.0,iProbiotics
NZ_CP031972.1,0.0,iProbiotics
NZ_CP031979.1,0.0,iProbiotics
NZ_CP031976.1,0.0,iProbiotics
NZ_CP048039.1,0.0,iProbiotics
CP048433.1,0.0,iProbiotics
CP026656.1,0.0,iProbiotics
NZ_CP026655.1,0.0,iProbiotics
NZ_CP042858.1,0.0,iProbiotics
NZ_CP045263.1,0.0,iProbiotics
NZ_CP049918.1,0.0,iProbiotics
NZ_CP050012.1,0.0,iProbiotics
NZ_CP019928.1,0.0,iProbiotics
NZ_CP052852.1,0.0,iProbiotics
NZ_CP019930.1,0.0,iProbiotics
NZ_CP019929.1,0.0,iProbiotics
NC_005362.1,1.0,iProbiotics
NC_007929.1,1.0,iProbiotics
NC_008526.1,1.0,iProbiotics
NC_008530.1,1.0,iProbiotics
NC_006814.3,1.0,iProbiotics
NC_010080.1,1.0,iProbiotics
NC_010610.1,1.0,iProbiotics
NC_013198.1,1.0,iProbiotics
NC_013504.1,1.0,iProbiotics
NC_014554.1,1.0,iProbiotics
NC_015214.1,1.0,iProbiotics
NC_015602.1,1.0,iProbiotics
NC_017465.1,1.0,iProbiotics
NC_017467.1,1.0,iProbiotics
NC_017481.1,1.0,iProbiotics
NC_018528.1,1.0,iProbiotics
NC_020819.1,1.0,iProbiotics
NC_021235.1,1.0,iProbiotics
NZ_CM001861.1,1.0,iProbiotics
NC_021494.1,1.0,iProbiotics
NC_021744.1,1.0,iProbiotics
NC_021181.2,1.0,iProbiotics
NC_022112.1,1.0,iProbiotics
NC_022909.1,1.0,iProbiotics
NZ_CP006690.1,1.0,iProbiotics
NZ_CP002427.1,1.0,iProbiotics
NZ_AP012541.1,1.0,iProbiotics
NZ_CP007122.1,1.0,iProbiotics
NZ_CP010432.1,1.0,iProbiotics
NZ_CP011386.1,1.0,iProbiotics
NZ_CP011013.1,1.0,iProbiotics
NZ_CP011536.1,1.0,iProbiotics
NC_021224.2,1.0,iProbiotics
NZ_CP012381.1,1.0,iProbiotics
NZ_CP013610.1,1.0,iProbiotics
NZ_CP016400.1,1.0,iProbiotics
NZ_CP016827.1,1.0,iProbiotics
NZ_CP019120.1,1.0,iProbiotics
NZ_CP016393.1,1.0,iProbiotics
NZ_CP020029.1,1.0,iProbiotics
NZ_CP020806.1,1.0,iProbiotics
NZ_CP021704.1,1.0,iProbiotics
NZ_CP022449.1,1.0,iProbiotics
NZ_CP017062.1,1.0,iProbiotics
NZ_CP006803.1,1.0,iProbiotics
NZ_CP017706.1,1.0,iProbiotics
NZ_CP016355.1,1.0,iProbiotics
NZ_CP015498.1,1.0,iProbiotics
NZ_CP015496.1,1.0,iProbiotics
NZ_CP015444.1,1.0,iProbiotics
CP012389.1,1.0,iProbiotics
NZ_LS991421.1,1.0,iProbiotics
NZ_CP031701.1,1.0,iProbiotics
NZ_CP025200.1,1.0,iProbiotics
NZ_CP032680.1,1.0,iProbiotics
NZ_CP035307.1,1.0,iProbiotics
NZ_CP040854.1,1.0,iProbiotics
NZ_CP009531.1,0.0,iProbiotics
NZ_AP014808.1,0.0,iProbiotics
NZ_CP012890.1,0.0,iProbiotics
NZ_CP018215.1,0.0,iProbiotics
NZ_CP018156.1,0.0,iProbiotics
NZ_CP018216.1,0.0,iProbiotics
NZ_CP018217.1,0.0,iProbiotics
NZ_CP018218.1,0.0,iProbiotics
NZ_CP018615.1,0.0,iProbiotics
NZ_CP018614.1,0.0,iProbiotics
NZ_LT899687.1,0.0,iProbiotics
NZ_CP022988.1,0.0,iProbiotics
NZ_CP023139.1,0.0,iProbiotics
NZ_CP024610.1,0.0,iProbiotics
NZ_CP027194.1,0.0,iProbiotics
NZ_CP027190.1,0.0,iProbiotics
NZ_CP029477.1,0.0,iProbiotics
NZ_CP029476.1,0.0,iProbiotics
NZ_CP029544.1,0.0,iProbiotics
NZ_CP017235.1,0.0,iProbiotics
NZ_AP018549.1,0.0,iProbiotics
NZ_LS991409.1,0.0,iProbiotics
NZ_CP032626.1,0.0,iProbiotics
CP029250.1 La,0.0,iProbiotics
NZ_CP033426.1,0.0,iProbiotics
NZ_LR134325.1,0.0,iProbiotics
NZ_CP026503.1,0.0,iProbiotics
NZ_CP031835.1,0.0,iProbiotics
NZ_CP040500.1,0.0,iProbiotics
NZ_AP019750.1,0.0,iProbiotics
NZ_CP041280.1,0.0,iProbiotics
NZ_LR698989.1,0.0,iProbiotics
NZ_CP044499.1,0.0,iProbiotics
NZ_CP044496.1,0.0,iProbiotics
NZ_CP045584.1,0.0,iProbiotics
NZ_CP045664.1,0.0,iProbiotics
NZ_CP046310.1,0.0,iProbiotics
NZ_CP046311.1,0.0,iProbiotics
NZ_CP043924.1,0.0,iProbiotics
NZ_CP046528.1,0.0,iProbiotics
NZ_CP046390.1,0.0,iProbiotics
NZ_CP039266.1,0.0,iProbiotics
NZ_CP044412.1,0.0,iProbiotics
NZ_CP048798.1,0.0,iProbiotics
NZ_CP049230.1,0.0,iProbiotics
NZ_CP049223.1,0.0,iProbiotics
NZ_CP049225.1,0.0,iProbiotics
NZ_CP049231.1,0.0,iProbiotics
NZ_CP049228.1,0.0,iProbiotics
NZ_CP049226.1,0.0,iProbiotics
NZ_CP051649.1,0.0,iProbiotics
NZ_CP054875.1,0.0,iProbiotics
NZ_CP059140.1,0.0,iProbiotics
NZ_CP047415.1,0.0,iProbiotics
NZ_CP047410.1,0.0,iProbiotics
NZ_CP049366.1,0.0,iProbiotics
NZ_CP045604.1,0.0,iProbiotics
